<?xml version="1.0" encoding="UTF-8"?>
<!DOCTYPE struts PUBLIC
   "-//Apache Software Foundation//DTD Struts Configuration 2.0//EN"
   "http://struts.apache.org/dtds/struts-2.0.dtd">

<struts>
   
      <package name="login" namespace="/" extends="struts-default">
     		<action name="loginaction" class="com.mehul.action.LoginAction" method="execute">
            	<result name="success">/success.jsp</result>
            	<result name="error">/index.jsp</result>
      		</action>
   		</package>
   		
   		<package name="signup" namespace="/" extends="struts-default">
     		<action name="signupaction" class="com.mehul.action.SignupAction" method="execute">
            	<result name="success">/index.jsp</result>
            	<result name="error">/signup.jsp</result>
      		</action>
   		</package>
   		
   		<package name="search" namespace="/" extends="struts-default">
     		<action name="searchaction" class="com.mehul.action.SearchAction" method="execute">
            	<result name="hhits">/hhits.jsp</result>
            	<result name="bhits">/bhits.jsp</result>
            	<result name="thits">/thits.jsp</result>
            	<result name="error">/success.jsp</result>
      		</action>
   		</package>
   		
   
</struts>